Query_ID,Generated_Query,Original_Title,Original_URL,Result_Rank,Result_Title,Result_URL,Result_Description,Search_Score,Is_Original_Match,Is_Title_Match,Is_URL_Match
1,Alteryx One one-time passcode not received troubleshooting,Why am I not receiving a one-time passcode for Alteryx One,https://knowledge.alteryx.com/index/s/article/why-am-i-not-receiving-a-one-time-passcode-for-alteryx-one,1,Why am I not receiving a one-time passcode for Alteryx One,https://knowledge.alteryx.com/index/s/article/why-am-i-not-receiving-a-one-time-passcode-for-alteryx-one,This article explains why users may not receive a one - time passcode OTP when attempting to sign in to the Alteryx One Platform and clarifies the requirement to be invited to a workspace before logging in,2.204402,YES,YES,YES
,,,,2,Getting Started for Workspace Users,https://help.alteryx.com/aac/en/platform/getting-started-with-alteryx-one/getting-started-for-workspace-users.html,Select Accept Invitation from your invitation email to go to your workspace From the Alteryx One sign-in page follow the instructions on the screen to sign in to your workspace Passcode VerificationAlteryx One sends a one - time passcode to your email to verify your identity when you sign in for the first time Ready to start using your workspace in Alteryx One Platform,1.6353858,NO,NO,NO
,,,,3,My Alteryx - Single Sign-On FAQ,https://community.alteryx.com/t5/Alteryx-Community-Resources/My-Alteryx-Single-Sign-On-FAQ/ta-p/731570,My Alteryx Single Sign-On SSO is our single sign-on tool that allows you to access all your Alteryx applications using one set of credentials Applications include but are not limited to Community MyAlteryx Support Licensing & Downloads and more,1.609931,NO,NO,NO
,,,,4,License Key Registeration,https://community.alteryx.com/t5/Alteryx-Designer-Desktop-Discussions/License-Key-Registeration/td-p/1419700,After Installing Alteryx Designer I am not able to activate since on selecting Launch Browser on Activation Window and entering my email id I am not getting ONE TIME PASSCODE I tried several times but no luck Please help,1.5979179,NO,NO,NO
,,,,5,Get Started with Alteryx One Platform,https://help.alteryx.com/aac/en/platform/getting-started-with-alteryx-one.html,successful cloud activation Allowlist the Alteryx One Email DomainAllowlist these Alteryx One email domains to guarantee that users receive email notifications mail alteryxcloud com myalteryx alteryx com mail my alteryx comAllowlist the IP Address Range of the Alteryx ServiceBefore you begin creatingSign in to your workspace to access Alteryx One,1.5930117,NO,NO,NO
,,,,6,Alteryx Digital Badge Program,https://community.alteryx.com/t5/Analytics/Alteryx-Digital-Badge-Program/ba-p/831463,We recognize the dedication and time you put into earning your Alteryx credential If you have a valid certification they are valid for two years you will receive an email from admin credly com asking you to accept your badge on Credly If you are not yet Alteryx certified or if your certification has expired visit the Alteryx Product Certification Program page and start preparing to take the exam that best fits your level of knowle,1.5876037,NO,NO,NO
,,,,7,Notification Settings,https://help.alteryx.com/aac/en/platform/profile/preferences-page/notification-settings.html,You might change your delivery email address if Your login email address can't receive email You want to deliver an email notification to an alias within your enterprise You want to deliver your email notification to a 3rd-party application TimezoneSelect the timezone from the dropdown that Alteryx One,1.5850846,NO,NO,NO
,,,,8,Get Started with Alteryx One APIs,https://help.alteryx.com/aac/en/developer-help/get-started-with-alteryx-one-apis.html,If the above command executed successfully your new users will receive emails inviting them to join Alteryx One In this section Get Started with Alteryx One APIsWhy Use APIsAPI OverviewA Simple Example Using APIsSearch resultsNo results foundPrevNext 2025 Alteryx Inc Publication date Say you want to invite a list of users to use Alteryx One,1.5838484,NO,NO,NO
,,,,9,Alteryx server - Connected host has failed to respond 10060,https://community.alteryx.com/t5/Alteryx-Server-Discussions/Alteryx-server-Connected-host-has-failed-to-respond-10060/td-p/1209842,App AlteryxService message Worker FR20WALXBIP07 37a2598a There was an error in WorkerThread DoWork Error receiving data A connection attempt failed because the connected party did not properly respond after a period of time or established connection failed because connectedError 2023-11-07 20 50 56 543000 ERROR 5416 AlteryxService FR20WALXBIP07 37a2598a a25819b9ac444c20848a04d7a65a6648 634422bc68c02d068c7a218d S Alteryx Servic,1.5795993,NO,NO,NO
,,,,10,Using the Alteryx API from Alteryx,https://community.alteryx.com/t5/Engine-Works/Using-the-Alteryx-API-from-Alteryx/ba-p/318565,&oauth_signature_method HMAC-SHA1 This is the hashing methodology that the Alteryx API employs &oauth_timestamp 1540927739 This is Unix- Time One possible issue is that you need it to be UTC GMT I need to submit one API request to get a list of all the workflows parse and cleanse the data and then submit an API request for each app from the first response in order to download the yxzp,1.5725955,NO,NO,NO
2,Alteryx VLOOKUP function Excel users guide,Alteryx for Excel Users How to do a VLOOKUP in Alteryx,https://knowledge.alteryx.com/index/s/article/Alteryx-for-Excel-Users-How-to-do-a-VLOOKUP-in-Alteryx-1583460632739,1,Alteryx for Excel Users How to do a VLOOKUP in Alteryx,https://knowledge.alteryx.com/index/s/article/Alteryx-for-Excel-Users-How-to-do-a-VLOOKUP-in-Alteryx-1583460632739,In this example we have two worksheets in one Excel file Sheet 1 contains a master list of sales d,2.2661414,YES,YES,YES
,,,,2,How can I combine 2 Excel files with Vlookup function in Alteryx,https://community.alteryx.com/t5/Alteryx-Designer-Desktop-Discussions/How-can-I-combine-2-Excel-files-with-Vlookup-function-in-Alteryx/td-p/1379390,How can I combine 2 Excel files with Vlookup function in Alteryx,2.1707835,NO,NO,NO
,,,,3,Re How can I combine 2 Excel files with Vlookup function in Alteryx,https://community.alteryx.com/t5/Alteryx-Designer-Desktop-Discussions/How-can-I-combine-2-Excel-files-with-Vlookup-function-in-Alteryx/m-p/1379403#M341951,I am not sure of the question you are asking - the link above shows you the two best way to replicate VLOOKUP functionality in Alteryx There is not a formula used Here's another article Alteryx for Excel Users How to do a VLOOKUP in Alteryx,2.1615996,NO,NO,NO
,,,,4,Re How can I combine 2 Excel files with Vlookup function in Alteryx,https://community.alteryx.com/t5/Alteryx-Designer-Desktop-Discussions/How-can-I-combine-2-Excel-files-with-Vlookup-function-in-Alteryx/m-p/1379699#M342028,This is now a different question so can you close out of this thread by accepting it and start a new discussion I would also encourage you to look for the answer in the community here - the Learning Paths and the Interactive Lessons have this answe,2.1434593,NO,NO,NO
,,,,5,Re How can I combine 2 Excel files with Vlookup function in Alteryx,https://community.alteryx.com/t5/Alteryx-Designer-Desktop-Discussions/How-can-I-combine-2-Excel-files-with-Vlookup-function-in-Alteryx/m-p/1379816#M342058,Thanks for your advice,2.1355438,NO,NO,NO
,,,,6,Re How can I combine 2 Excel files with Vlookup function in Alteryx,https://community.alteryx.com/t5/Alteryx-Designer-Desktop-Discussions/How-can-I-combine-2-Excel-files-with-Vlookup-function-in-Alteryx/m-p/1379696#M342026,How can I perform the sum function in columns and rows of Excel in Alteryx,2.1324694,NO,NO,NO
,,,,7,Re How can I combine 2 Excel files with Vlookup function in Alteryx,https://community.alteryx.com/t5/Alteryx-Designer-Desktop-Discussions/How-can-I-combine-2-Excel-files-with-Vlookup-function-in-Alteryx/m-p/1379392#M341947,VLookUps with Designer - Alteryx Community,2.130582,NO,NO,NO
,,,,8,The Guide to Alteryx for Excel Users,https://knowledge.alteryx.com/index/s/article/The-Guide-to-Alteryx-for-Excel-Users-1583460179990,,2.0788999,NO,NO,NO
,,,,9,Excel Formula to Alteryx,https://community.alteryx.com/t5/Alteryx-Designer-Desktop-Discussions/Excel-Formula-to-Alteryx/td-p/1135407,Hello Please help me to convert Excel VLOOKUP formula to ALTERYX Formula VLOOKUP F2 P_M A 1 O 50 2 FALSE Over here the Column name PC having this formula P_M is another sheet in the Excel file F column name is PCN for F2 I need to make PC column in another sheet with applied Formula VLOOKUP F2 P_M A 1 O 50 2 FALSE in Alteryx,1.7275866,NO,NO,NO
,,,,10,Excel Vlookup,https://community.alteryx.com/t5/Bengaluru-IN/Excel-Vlookup/td-p/143839,I want to do Excel Vlookup but result i am getting from Alteryx and manual vlookup is different I tried with using JOIN & Multi JOIN tools but still not getting expected output Can i pass the below formula directly to Alteryx vLookup Formula VLOOKUP B2 'Application User List',1.7155225,NO,NO,NO
3,disenvowel solution Challenge 259 troubleshooting guide,Re Challenge 259 Disenvowel,https://community.alteryx.com/t5/Weekly-Challenges/Challenge-259-Disenvowel/m-p/1428245#M153932,1,Re Challenge 259 Disenvowel,https://community.alteryx.com/t5/Weekly-Challenges/Challenge-259-Disenvowel/m-p/1365756#M143426,My solution attached,1.698114,NO,YES,NO
,,,,2,Re Challenge 259 Disenvowel,https://community.alteryx.com/t5/Weekly-Challenges/Challenge-259-Disenvowel/m-p/1414128#M151875,My first solution is quite a kludge lol I knew there had to be a better way so I took a peek at a few other solutions and remembered that you can use regex in formulas The light bulb came on and I did a second much better solution Both are included here for honesty,1.6929861,NO,YES,NO
,,,,3,Re Challenge 259 Disenvowel,https://community.alteryx.com/t5/Weekly-Challenge/Challenge-259-Disenvowel/m-p/1157867#M114170,My Solution Spoiler Highlight to read,1.6859368,NO,YES,NO
,,,,4,Re Challenge 259 Disenvowel,https://community.alteryx.com/t5/Weekly-Challenges/Challenge-259-Disenvowel/m-p/1383088#M146666,259 Appreciate the solution that didn't use RegEx,1.6739966,NO,YES,NO
,,,,5,Re Challenge 259 Disenvowel,https://community.alteryx.com/t5/Weekly-Challenges/Challenge-259-Disenvowel/m-p/733772#M58286,Fun little RegEx challenge to start the week Here is my solution Spoiler Highlight to read REGEX_Replace Input Data B aeiouyAEIOUY REGEX_Replace Input Data B aeiouyAEIOUY,1.644222,NO,YES,NO
,,,,6,Challenge 259 Disenvowel,https://community.alteryx.com/t5/Weekly-Challenges/Challenge-259-Disenvowel/td-p/733763,A solution to last week's challenge can be found here This week's challenge was submitted by MarqueeCrew based on this post - Thanks for your submission Be sure to check out the accompanying blog post In this challenge we need to create a workflow to remove vowels from text excluding vowels that are the first letter in a word Y is included as a vowel for this challenge,1.6430444,NO,YES,NO
,,,,7,Re Challenge 259 Disenvowel,https://community.alteryx.com/t5/Weekly-Challenges/Challenge-259-Disenvowel/m-p/1374458#M144836,Definitely made my solution a little more difficult than necessary Was a little more difficult than I expected to solve Fun though Spoiler Highlight to read,1.6426692,NO,YES,NO
,,,,8,Weekly Challenge Index & Welcome Page 1,https://community.alteryx.com/t5/Weekly-Challenges/Weekly-Challenge-Index-amp-Welcome-Page-1/td-p/48275,Disenvowel Intermediate Parse Preparation Join Data Preparation Transform Core 260 Fuel Me Once Welcome to the Weekly Challenges Each week we will post a use case where you can put your Alteryx skills to the test You'll be able to share your answers and collaborate with other challengers to arrive at an answer Interested in keeping track of which challenges you have completed Download this workflow created by Hannah_Lissaman Alekh and m,1.5489411,NO,NO,NO
,,,,9,Challenge 1 Join to Range,https://community.alteryx.com/t5/Weekly-Challenges/Challenge-1-Join-to-Range/td-p/36621,The following week we will post a new challenge as well as an example solution to the previous week's challenge We hope you enjoy the exercises Almost weekly 40 times a year we share an Alteryx challenge with our internal Alteryx users and then we all develop our own solutions Later we review our solutions in small groups,1.5280983,NO,NO,NO
,,,,10,Outlook Input tool Created with the Alteryx SDK,https://community.alteryx.com/t5/Engine-Works/Outlook-Input-tool-Created-with-the-Alteryx-SDK/ba-p/72242,And yet many if not all of us at some point have tried to gain access to data within our own organizations only to be met with the solution of we can email you an Excel file Really,1.5230305,NO,NO,NO
4,Cloud Quest postal code issue highlight feature,Re Cloud Quest 50 Postal Code Madness,https://community.alteryx.com/t5/Cloud-Quests/Cloud-Quest-50-Postal-Code-Madness/m-p/1428243#M1356,1,Cloud Quest 50 Postal Code Madness,https://community.alteryx.com/t5/Cloud-Quests/Cloud-Quest-50-Postal-Code-Madness/td-p/1427950,Upload Start Cloud Quest 50 json file to your Alteryx One library All necessary datasets are contained within Text Input tools in the workflow For more detailed instructions on how to import and export Designer Cloud workflow files check out the pinned article Cloud Quest Submission Process Keep submitting every solution gets you closer to earning more Cloud Quest badges Here s to a successful quest,1.6404037,NO,YES,NO
,,,,2,Outlook Input tool Created with the Alteryx SDK,https://community.alteryx.com/t5/Engine-Works/Outlook-Input-tool-Created-with-the-Alteryx-SDK/ba-p/72242,I needed to incorporate the UpdateOnly parameter because the C code was executing every time a new tool was added to the canvas I didn't know that the Alteryx Engine had a special feature where it runs the workflow with no actual records other than metadata every time a new tool is added My biggest obstacle was interpreting the sample code - figuring out how to separate the xml config as input from the xml config that was reading the input I know this is,1.5741736,NO,NO,NO
,,,,3,Challenge 1 Join to Range,https://community.alteryx.com/t5/Weekly-Challenges/Challenge-1-Join-to-Range/td-p/36621,Exercise 1 Join to Range A company in Australia has source data which is made up of a series of postal codes eg 2000 2001 2002 etc amongst some other data fields,1.5471698,NO,NO,NO
,,,,4,Release Notes for Designer Cloud,https://help.alteryx.com/aac/en/release-notes/release-notes-for-designer-cloud.html,a value in the Results Grid a suggestion appears to either keep or delete the highlighted rows Brushing - Replace suggestions When you highlight a value in the Results Grid a suggestion appears to replace the highlighted values Workflow ImprovementsWhen you run a workflow in Designer Cloud you have,1.5415311,NO,NO,NO
,,,,5,Find Bad Data,https://help.alteryx.com/aac/en/trifacta-classic/common-tasks/validation-tasks/find-bad-data.html,Using the previous example mismatched postal codes are replaced by the corresponding value in the parent entity's postal code column parent_postal_code Transformation NameEdit column with formulaParameter Columnsparent_postal_codeParameter FormulaIF ISMISMATCHED postal_code 'Zipcode' '00000'Rows containing this value are highlighted,1.5407299,NO,NO,NO
,,,,6,Customer-Managed Telemetry A Window into Workflow Transparency,https://community.alteryx.com/t5/Engine-Works/Customer-Managed-Telemetry-A-Window-into-Workflow-Transparency/ba-p/1081472,In that case it may be useful to specify a cloud directory This way the file is copied over once the user connects again to the network What Should I Consider A new Enterprise Utility that features Customer Managed Telemetry is now available This utility lets you process the telemetry data you've collected using this new telemetry feature in Designer into usable data Alteryx server also provides great built-in versioning features Alteryx Desi,1.5173618,NO,NO,NO
,,,,7,Predicting the Effects of Holidays on Service,https://community.alteryx.com/t5/Data-Science/Predicting-the-Effects-of-Holidays-on-Service/ba-p/847820,Word cloud of issues reported to NYC s 311 service during Thanksgiving week of 2020 Notice the top left yikes Being able to predict this would help those taking the requests provide realistic forecasts of how long issues may take to address given the specifics of the case At that point you can make sure the data type is set correctly for each feature drop features you don t want and check out the overall health of your dataset,1.5049919,NO,NO,NO
,,,,8,Community Highlights & Release Notes October 2021,https://community.alteryx.com/t5/Alter-Nation/Community-Highlights-amp-Release-Notes-October-2021/ba-p/842580,The Data Science Mixer podcast highlighted how data science helps keep the supply chain moving and the Alter Everything podcast featured a story about Alteryx interns moving forward with their career paths Final Thoughts OK now that we've blown out the black flame candle turned Bette Midler into a statue in a graveyard and saved all the children of Salem it's time to call it a wrap on our October Highlights and Release Blog,1.4993027,NO,NO,NO
,,,,9,Tableau Tools,https://community.alteryx.com/t5/Community-Gallery/Tableau-Tools/ta-p/877902,Fixed issue where NULL numeric values were converted to 0 TPM-1546 Tableau shows NULL numeric values as 0 by default on dashboards Fixed issue where NULL string values were converted to empty string TPM-1528 Fixed issue where DATE was converted into STRING,1.4938397,NO,NO,NO
,,,,10,Weekly Challenge Index & Welcome Page 1,https://community.alteryx.com/t5/Weekly-Challenges/Weekly-Challenge-Index-amp-Welcome-Page-1/td-p/48275,Good Intermediate Parse Preparation Join Data Preparation Advanced 246 Rectangle Tangle Intermediate Spatial Preparation Join Macros Interface Advanced 247 Pairing Partners Intermediate Preparation Join Data Preparation Transform Advanced 248 Holidates Basic Preparation Data Analysis Join Core 249 Highlights,1.4914261,NO,NO,NO
5,Challenge 499 Waldo solution spoiler highlight,Re Challenge 499 Where is Waldo,https://community.alteryx.com/t5/Weekly-Challenges/Challenge-499-Where-is-Waldo/m-p/1428234#M153931,1,Re Challenge 499 Where is Waldo,https://community.alteryx.com/t5/Weekly-Challenges/Challenge-499-Where-is-Waldo/m-p/1427917#M153897,My solution Spoiler Highlight to read,1.7376134,NO,YES,NO
,,,,2,Re Challenge 499 Where is Waldo,https://community.alteryx.com/t5/Weekly-Challenges/Challenge-499-Where-is-Waldo/m-p/1427773#M153882,499 Spoiler Highlight to read,1.7103271,NO,YES,NO
,,,,3,Re Challenge 499 Where is Waldo,https://community.alteryx.com/t5/Weekly-Challenges/Challenge-499-Where-is-Waldo/m-p/1427897#M153895,Spoiler Highlight to read,1.7102451,NO,YES,NO
,,,,4,Re Challenge 499 Where is Waldo,https://community.alteryx.com/t5/Weekly-Challenges/Challenge-499-Where-is-Waldo/m-p/1427600#M153840,My solution I created the Iterative macro that the workflow will stop when it finds the result Spoiler Highlight to read,1.7078284,NO,YES,NO
,,,,5,Re Challenge 499 Where is Waldo,https://community.alteryx.com/t5/Weekly-Challenges/Challenge-499-Where-is-Waldo/m-p/1427592#M153838,All My solution Spoiler Highlight to read,1.7072003,NO,YES,NO
,,,,6,Re Challenge 499 Where is Waldo,https://community.alteryx.com/t5/Weekly-Challenges/Challenge-499-Where-is-Waldo/m-p/1427326#M153781,Spoiler Highlight to read,1.7051443,NO,YES,NO
,,,,7,Re Challenge 499 Where is Waldo,https://community.alteryx.com/t5/Weekly-Challenges/Challenge-499-Where-is-Waldo/m-p/1427500#M153815,Spoiler Highlight to read,1.7051443,NO,YES,NO
,,,,8,Re Challenge 499 Where is Waldo,https://community.alteryx.com/t5/Weekly-Challenges/Challenge-499-Where-is-Waldo/m-p/1427581#M153836,Spoiler Highlight to read,1.7051443,NO,YES,NO
,,,,9,Re Challenge 499 Where is Waldo,https://community.alteryx.com/t5/Weekly-Challenges/Challenge-499-Where-is-Waldo/m-p/1427780#M153883,Spoiler Highlight to read,1.7051443,NO,YES,NO
,,,,10,Re Challenge 499 Where is Waldo,https://community.alteryx.com/t5/Weekly-Challenges/Challenge-499-Where-is-Waldo/m-p/1427399#M153798,Here is my solution,1.7031857,NO,YES,NO
6,Alteryx CMD tool write access folder issue,Re Creating a new folder using text boxes and action tools,https://community.alteryx.com/t5/Alteryx-Designer-Desktop-Discussions/Creating-a-new-folder-using-text-boxes-and-action-tools/m-p/1428223#M353121,1,Intermittent failures to write into shared folder,https://community.alteryx.com/t5/Alteryx-Server-Discussions/Intermittent-failures-to-write-into-shared-folder/td-p/1033071,Hello I have issues with writing files into a shared folder Alteryx Server keeps throwing intermittent access errors that seemingly happen at random times My setup Shared folder and Alteryx Server are are on different machines A test workflow was scheduled every 3minutes to attempt and write a xlsx file Basically trying to figure out where to start the investigation here Are there any things th,1.679144,NO,NO,NO
,,,,2,Reading Writing to Network Folders with Alteryx Server,https://community.alteryx.com/t5/Alteryx-Server-Discussions/Reading-Writing-to-Network-Folders-with-Alteryx-Server/td-p/593741,Update About 5 minutes after finishing this post I somehow stumbled upon this post that I somehow had not seen before Solved Write from Alteryx Gallery Server to Shared folder Attempted Solution 3 After further discussion with our IT Department we figured out that the user that was set up to run our workflows in the Gallery was not given permission to access any folders that we had solved the issue but unfortunately we,1.6722714,NO,NO,NO
,,,,3,The process cannot access the file because it is being used by another process,https://community.alteryx.com/t5/Alteryx-Designer-Desktop-Discussions/The-process-cannot-access-the-file-because-it-is-being-used-by/td-p/806556,a block tool is not the issue here I've had an Alteryx workflow scheduled with the scheduler for a long time now Recently I've been getting the same error each night when trying to write out,1.6682513,NO,NO,NO
,,,,4,Output Excel File from Server to Network Drive,https://community.alteryx.com/t5/Alteryx-Server-Discussions/Output-Excel-File-from-Server-to-Network-Drive/td-p/595626,Evidently the Alteryx Server does not have the proper permissions to access the folder to which I'm writing I get an Access is denied error when I run on the server,1.6622949,NO,NO,NO
,,,,5,File Browse on Output causing Alteryx Server Access Issue,https://community.alteryx.com/t5/Alteryx-Server-Discussions/File-Browse-on-Output-causing-Alteryx-Server-Access-Issue/td-p/652670,I am having an issue when running a workflow from the Alteryx Server with the following attributes - Using a credential to access shared folders - File Browse tool on the Output The error claims there is an access issue related to the Output Data tool and the file path is to a temporary folder,1.658331,NO,NO,NO
,,,,6,Re Workflow issue Invalid Directory G,https://community.alteryx.com/t5/Alteryx-Server-Discussions/Workflow-issue-Invalid-Directory-G/m-p/1413365#M17495,Hi Bhanuares Verify that the file is specified correctly in the tool Check that the file is in the expected location Verify that the file name has been specified accurately including file type extension Make sure that Alteryx is configured to have access to the location,1.6553472,NO,NO,NO
,,,,7,Write from Alteryx Gallery Server to Shared folder,https://community.alteryx.com/t5/Alteryx-Server-Discussions/Write-from-Alteryx-Gallery-Server-to-Shared-folder/td-p/555294,I have a question about running jobs on Alteryx Gallery Server My workflow includes an output tool to a shared folder however when run it's outputted on a different path Please see screenshot 1,1.6514653,NO,NO,NO
,,,,8,Create Folder Path,https://community.alteryx.com/t5/Community-Gallery/Create-Folder-Path/ta-p/928839,Creating folder structures is about the last thing left for Alteryx to automate until now I've faced this issue a couple of times,1.6484284,NO,NO,NO
,,,,9,Output Tool Error Unable to write file for write,https://community.alteryx.com/t5/Alteryx-Designer-Desktop-Discussions/Output-Tool-Error-Unable-to-write-file-for-write/td-p/1293094,The process cannot access the file because it is being used by another process 32 filename is complete path of the file I am getting the error only after I upgraded Alteryx Have tried checking unchecking AMG Engine option Is there any workaround to resolve the issue,1.6470213,NO,NO,NO
,,,,10,Shared Drive Error Error creating the file The process cannot access the file 32,https://community.alteryx.com/t5/Alteryx-Designer-Desktop-Discussions/Shared-Drive-Error-quot-Error-creating-the-file-The-process/td-p/1006719,I'm getting an error in Alteryx and I'm hoping someone might have some ideas on how to fix this I'm trying to use blob tools to read in an Excel template and write a copy of that template Saving the copy of the template in a different shared drive folder than the original template 2 It looks like the blob output tool is writing the copy of the template at the same time as the blob input is still reading the template in whic,1.6464823,NO,NO,NO
7,Alteryx trial download business email issue,Re Cannot Download Alteryx,https://community.alteryx.com/t5/Alteryx-Designer-Desktop-Discussions/Cannot-Download-Alteryx/m-p/1428221#M353120,1,Can't download Alteryx designer without a business email,https://community.alteryx.com/t5/Alteryx-Designer-Desktop-Discussions/Can-t-download-Alteryx-designer-without-a-business-email/td-p/752553,Hi there I am trying to download Alteryx designer free trial the website says 1 month but it will not accept my personal email address Asking me for a business email which I don't have as I'm between jobs Any help will be much appreciated,2.2197378,NO,NO,NO
,,,,2,Cannot Download Alteryx Designer 30-Day Trial without business email,https://community.alteryx.com/t5/Alteryx-Designer-Desktop-Discussions/Cannot-Download-Alteryx-Designer-30-Day-Trial-without-business/td-p/906378,If anyone can assist when I try to sign up for the free 30-day trial it requires a business email that I have entered Thank you in advance,2.198527,NO,NO,NO
,,,,3,Re Can't download Alteryx designer without a business email,https://community.alteryx.com/t5/Alteryx-Designer-Desktop-Discussions/Can-t-download-Alteryx-designer-without-a-business-email/m-p/753041#M181014,Hi Mamsharmaalteryx You should look into the Alteryx ADAPT program It's designed for new grads or people between jobs looking to boost their analytics skills You get a 3 month trial license which can be extended another 3 months if you pass your core certification exam Dan,2.1842325,NO,NO,NO
,,,,4,Re Can't download Alteryx designer without a business email,https://community.alteryx.com/t5/Alteryx-Designer-Desktop-Discussions/Can-t-download-Alteryx-designer-without-a-business-email/m-p/1426820#M352903,Can any one suggest how can I download Alteryx Designer for learning purpose Would like to improve skill set,2.1172967,NO,NO,NO
,,,,5,Alteryx designer download,https://community.alteryx.com/t5/Alteryx-Designer-Desktop-Discussions/Alteryx-designer-download/td-p/1356679,I am unable to download the trial version without a business email,1.7820449,NO,NO,NO
,,,,6,Error in downloading trial version,https://community.alteryx.com/t5/Alteryx-Designer-Desktop-Discussions/Error-in-downloading-trial-version/td-p/1263383,Hello - I am not able to download alteryx trial version in my personal laptop Stuck on attached screen - Add user details I am adding my office email address and getting error message please add your business Email Any help would be appriciated,1.7210554,NO,NO,NO
,,,,7,Desktop trial - business mail,https://community.alteryx.com/t5/Alteryx-Designer-Desktop-Discussions/Desktop-trial-business-mail/td-p/1339003,I'm trying to download the free trial of Alteryx designer desktop version website says 1 month but it won't accept my business email with company domain - format - companyA ua Any help would be greatly appreciated,1.7154317,NO,NO,NO
,,,,8,URGENT Trial Account Not Working Cannot Access Alteryx,https://community.alteryx.com/t5/Alteryx-Designer-Desktop-Discussions/URGENT-Trial-Account-Not-Working-Cannot-Access-Alteryx/td-p/1398506,Dear Alteryx Support I m facing serious issues accessing my Alteryx Designer Free Trial I initially signed up using my email en22it301084 medicaps ac in but I didn t receive any confirmation email When I try to log in to Alteryx I get the message We can't seem to find your account,1.7125267,NO,NO,NO
,,,,9,Alteryx Free Trial,https://community.alteryx.com/t5/General-Discussions/Alteryx-Free-Trial/td-p/912799,Hey Guys Do we need a business email to avail of the free one-month trial because when I key in my personal email id it's not accepting it Please let me know what is to be done Thanks,1.7007728,NO,NO,NO
,,,,10,Error with downloading trial version,https://community.alteryx.com/t5/Alteryx-Server-Discussions/Error-with-downloading-trial-version/td-p/431279,Hello I receive the attached error when trying to download the trial version - have contacted local IT but looks like this is an Alteryx issue Has anyone else had this and if so what worked to get past it Thanks,1.6871628,NO,NO,NO
8,IBM DB2 ODBC OLEDB 64-bit driver connection setup,IBM DB2,https://help.alteryx.com/current/en/designer/data-sources/ibm-db2.html,1,IBM DB2,https://help.alteryx.com/current/en/designer/data-sources/ibm-db2.html,Connection TypeODBC and OLEDB 64 - bit Driver DetailsThe ODBC or OLEDB driver can be downloaded from IBM DB2 Type of SupportRead & WriteValidated On11 5 9Alteryx Tools Used to ConnectStandard Workflow Processing Input Data Tool Output Data ToolAdditional DetailsOLEDB has issues with NULL vs,1.7349354,YES,YES,YES
,,,,2,Microsoft Azure SQL Database,https://help.alteryx.com/current/en/designer/data-sources/microsoft-azure-sql-database.html,workflows In-Database processing requires 64 - bit database drivers Type of SupportRead & Write In-DatabaseValidated OnDatabase version 10 11 12 13Client version ODBC Driver 11 13 13 1 17 and 18 OleDB - SQL Server Native Client 10 11Alteryx Tools Used to ConnectStandard Workflow Processing,1.6436759,NO,NO,NO
,,,,3,Re IBM DB2 not showing from the ODBC dropdown,https://community.alteryx.com/t5/Alteryx-Designer-Desktop-Discussions/IBM-DB2-not-showing-from-the-ODBC-dropdown/m-p/1400664#M347357,Additionally please navigate to the Drivers tab in the 64 - bit ODBC Administrator and verify that the IBM DB2 ODBC Driver is present and matches the information referenced in the DSN You can also try checking your environment restrictions and running Alterryx as an admin if possible Have you tried using the Input Data tool with ODBC as the data source If DSNs still do not appear you ca,1.6329527,NO,YES,NO
,,,,4,Connect In-DB with 32 bit data source,https://community.alteryx.com/t5/Alteryx-Designer-Desktop-Discussions/Connect-In-DB-with-32-bit-data-source/td-p/311666,Hi I used to connect to a 32- bit data source ODBC via Input Data and it worked perfectly DRIVER Oracle in OraClient12Home1_32bit Now I would like to use same connection with Connect In-db but I don't how to proceed I'm receiving the below error message after connection is setup,1.6250339,NO,NO,NO
,,,,5,Oracle,https://help.alteryx.com/current/en/designer/data-sources/oracle.html,Tool Data Stream In ToolConnecting to OracleFor connection instructions go to Connect to an Oracle Database Version 10 02 00 01 64 - bit OLEDB provider had issues with FIXED DECIMAL and OLEDB connection,1.6249576,NO,NO,NO
,,,,6,MySQL,https://help.alteryx.com/current/en/designer/data-sources/mysql.html,In ToolLimitationsDatabase Version 5 1Maximum Columns In Table 4096Maximum Column Name Length 64 CharactersMaximum Row Size 65535 Bytes does not include LOB size ODBC Version 5 01 04 00 32- and 64 - bit Fixed Numeric is transported as a SQL_C_CHAR SQL_NUMERIC not supported Known bug with BIT datatypes,1.6248883,NO,NO,NO
,,,,7,Apache Hive,https://help.alteryx.com/current/en/designer/data-sources/apache-hive.html,You can either set hive resultset use unique column names to false as a Server Side Property either in ODBC Driver DSN Setup or ODBC Driver Configuration Or you can add a connection string parameter EnableUniqueColumnName 0,1.6200379,NO,NO,NO
,,,,8,32bit Oracle input - saving on server not working,https://community.alteryx.com/t5/Alteryx-Server-Discussions/32bit-Oracle-input-saving-on-server-not-working/td-p/413038,Does anyone know how to setup 64 and 32 bit oracle drivers at the same time,1.6185153,NO,NO,NO
,,,,9,Regarding Connection Between Oracle and Alteryx using Odbc 32 bit,https://community.alteryx.com/t5/Alteryx-Designer-Desktop-Discussions/Regarding-Connection-Between-Oracle-and-Alteryx-using-Odbc-32/td-p/682626,I am not sure whether with this version i can connect with oracke ODBC 32 bit connector If yes then please provide step by step details If not then please provide how to connect with 64 bit ODBC Currently i have Oracle oraclient12 Home1_32 bit Oracle setup Also please provide driver details in both case 32 bit and 64 bit Please l,1.6129236,NO,NO,NO
,,,,10,postgres driver not working error code 193,https://community.alteryx.com/t5/Alteryx-Designer-Desktop-Discussions/postgres-driver-not-working-error-code-193/td-p/1208513,I downloaded the Postgres SQL driver FROM the Alteryx website https us1 alteryxcloud com license-portal However I am getting error 192 the setup routines for simba postgresSQL ODBC drivers ODBC driver could not be loaded due to system error code 192 Why am I getting this error if I downloaded the driver from the Alteryx website,1.6066766,NO,NO,NO
9,Amazon Redshift ODBC connection setup read write issues,Amazon Redshift,https://help.alteryx.com/current/en/designer/data-sources/amazon-redshift.html,1,Redshift Bulk Loader Failing,https://community.alteryx.com/t5/Alteryx-Designer-Desktop-Discussions/Redshift-Bulk-Loader-Failing/td-p/368369,Error Write Data In-DB 7 Error SQLDriverConnect Amazon DSI 20032 Required setting 'PWD' is not present in the connection settings Has anyone encountered this issue before Note I do not know what a bucket name is so i just entered random text there could that be causing this issue,1.6440327,NO,NO,NO
,,,,2,Amazon Redshift Connections,https://help.alteryx.com/aac/en/platform/connections/supported-connection-types/amazon-redshift-connections.html,This is a known issue with Amazon Redshift No schema validation is performed as part of writing results to Amazon Redshift Credentials and permissions are not validated when you are modifying the destination for a publishing job For Amazon Redshift no validation is performed to determine if the targetadministrator must configure read permissions,1.6299946,NO,YES,NO
,,,,3,Apache Hive,https://help.alteryx.com/current/en/designer/data-sources/apache-hive.html,For more information go to Unicode character SQL INSERT issue If you have issues with reading or writing Unicode characters access the Simba Impala ODBC driver,1.608829,NO,NO,NO
,,,,4,SSL error certificate verify failed - setup Amazon redshift ODBC connection to Alteryx,https://community.alteryx.com/t5/Alteryx-Designer-Desktop-Discussions/quot-SSL-error-certificate-verify-failed-quot-setup-Amazon/td-p/1273845,Hi We would like to setup Amazon redshift ODBC connection to use it Alteryx We are getting SSL error certificate verify failed error when we try to setup a connection I have attached the error screenshot and SSL configuration screenshot as well Amazon driver version - v1 4 20 1001 64 bit Has anyone experienced this issue Please share your suggestions Thanks for any help Regards,1.6065631,NO,YES,NO
,,,,5,Databricks,https://help.alteryx.com/current/en/designer/data-sources/databricks.html,Tools Used to ConnectStandard Workflow Processing Input Data ToolIn-Database Workflow Processing Connect In-DB Tool Data Stream In ToolIf you have issues with reading or writing Unicode characters access the Simba Impala ODBC driver,1.6046249,NO,NO,NO
,,,,6,HELP Simba Spark ODBC Driver DSN-Less connection String,https://community.alteryx.com/t5/Alteryx-Server-Discussions/HELP-quot-Simba-Spark-ODBC-Driver-quot-DSN-Less-connection/td-p/627724,The read connection string I have converted to DSN-Less without any issue but the write driver part seems to always expect a DSN name based on the error given,1.5937372,NO,NO,NO
,,,,7,Bulk load operations with DSN-less connection string,https://community.alteryx.com/t5/Alteryx-Designer-Desktop-Discussions/Bulk-load-operations-with-DSN-less-connection-string/td-p/598444,Example of working DSN-less string for AWS Redshift write odbc DRIVER Amazon Redshift x64 Server HOST Port 5439 UID USERNAME Password PASSWORD Database DATABASE_NAME TABLE_NAME Example of the same string with rsbl prefix and additional needed parametersHow do you solve these issues in environments where it is not possible or not effective to maintain DSN definition directly on the Alteryx,1.589618,NO,NO,NO
,,,,8,ODBC DSN less connection to Redshift database in Alteryx,https://community.alteryx.com/t5/Alteryx-Designer-Desktop-Discussions/ODBC-DSN-less-connection-to-Redshift-database-in-Alteryx/td-p/1078615,Hi All I have multiple workflows which reads transforms & writes data into RedShift database using ODBC DSN connections Hence would like to know the feasibility and procedure to enable database connectivity dynamically within workflows without using the ODBC DSN connections,1.582868,NO,NO,NO
,,,,9,How to setup ReadOnly Connection for a particular database,https://community.alteryx.com/t5/Alteryx-Designer-Desktop-Discussions/How-to-setup-ReadOnly-Connection-for-a-particular-database/td-p/995907,Hi there I have one database connection which is already saved in Alteryx under Option- Advanced Options- Manage Data Connections Currently due to permissions issue my manager wants this database permissions to be changed to READONLY I am struggling to change this I have tried Read Uncommitted option available in input tool but i think it is not working May you please help me regarding the same,1.580618,NO,NO,NO
,,,,10,How to format common ODBC DSN-less connection strings,https://knowledge.alteryx.com/index/s/article/How-To-format-common-ODBC-DSN-less-connection-strings-1583461565318,,1.5736915,NO,NO,NO
10,Curators Server user roles permissions setup,User Roles and Permissions,https://help.alteryx.com/current/en/server/administer-alteryx-server/user-and-group-management/user-roles-and-permissions.html,1,User Roles and Permissions,https://help.alteryx.com/current/en/server/administer-alteryx-server/user-and-group-management/user-roles-and-permissions.html,User roles are set by Curators Server admins in the Server Admin interface,1.7165058,YES,YES,YES
,,,,2,Split Curators into two roles to allow for better integration with an IT Security Governan,https://community.alteryx.com/t5/Alteryx-Server-Ideas/Split-Curators-into-two-roles-to-allow-for-better-integration/idi-p/958417,Currently one of the pain points when looking at integrating Alteryx Server into an organisation is the role of a Curator and who should be given that role This would also not effect pre-existing setups of curators as in the update of implementation all current Curators should be adapted into 'Super Curators ' Thanks TheOCThese 'Super Curators ' or User - Curators,1.6636565,NO,NO,NO
,,,,3,Allow Users to Create Collections,https://help.alteryx.com/current/en/server/administer-alteryx-server/collections--admin-interface/allow-users-to-create-collections.html,Curators Server Admins have to give users permission to create collections,1.6390938,NO,NO,NO
,,,,4,Access the Server Admin Interface,https://help.alteryx.com/current/en/server/administer-alteryx-server/access-the-server-admin-interface.html,Users with the curator user role are considered Server admins Curators can access the Server Admin interface via the Server UI To do so select the Admin tab,1.6383593,NO,NO,NO
,,,,5,Allow Artisan Curator roles to create Gallery Credentials,https://community.alteryx.com/t5/Alteryx-Server-Ideas/Allow-Artisan-Curator-roles-to-create-Gallery-Credentials/idi-p/728458,But this doesn't seem to make sense because publishing users may need to embed their credentials in workflows And they would benefit from managing these on server so that password changes don't require re-publishing large numbers of workflows Please allow any user to create and manage credentials on the Gallery,1.6217266,NO,NO,NO
,,,,6,Server Security Roles,https://community.alteryx.com/t5/Alteryx-Server-Discussions/Server-Security-Roles/td-p/586914,Hi Is there any documentation on what each role in the server gives access to Admin Curator etc I'm currently setting up our company's server and want to determine what roles should be assigned Thanks Johnny,1.6086279,NO,NO,NO
,,,,7,User role showing in profile page,https://community.alteryx.com/t5/Alteryx-Server-Ideas/User-role-showing-in-profile-page/idi-p/987175,Hi Server users It is amazing to know the permissions we have when accessing our own profile but sometimes that is not enough Knowing your server role is needed to perform a few tasks and it would be fantastic to have something simple like the example below,1.5998466,NO,NO,NO
,,,,8,Studio Moderator Subscription Level Curator,https://community.alteryx.com/t5/Alteryx-Server-Ideas/Studio-Moderator-Subscription-Level-Curator/idi-p/101559,This problem is exacerbated by also having to manage user permissions and which users belong in each Subscription Right now that is not much of a big deal but as the number of users begins to scale this could become a very daunting task This person can be assigned one or more subscriptions by a full Curator and will have Curator -like permission but only to the assigned Subscriptions The issue is that there is,1.5960026,NO,NO,NO
,,,,9,Allow User Access to the Server API,https://help.alteryx.com/current/en/server/administer-alteryx-server/user-and-group-management/allow-user-access-to-the-server-api.html,Curators Server admin can follow these steps to enable a user's API access Go to the User Management page in the Server Admin interface Select a user and go to the Permissions section,1.595532,NO,NO,NO
,,,,10,User Setup in Alteryx Gallery as Viewer,https://community.alteryx.com/t5/Alteryx-Server-Discussions/User-Setup-in-Alteryx-Gallery-as-Viewer/td-p/435520,I add the user by clicking on Add New User I specify the user details and check no for curator The user is created as below The user is created as an artisan I believe he should be a viewer but there is no options for me to change that I also notice that the Permissions link is missingThis user should only have access to run the alteryx app that is created by myself I am unable to work out how to,1.5920862,NO,NO,NO
11,SQL connection string configuration advanced settings,SQL DB Advanced Connection Strings,https://help.alteryx.com/current/en/server/configure/database-management/sql-db-management/sql-db-advanced-connection-strings.html,1,SQL DB Advanced Connection Strings,https://help.alteryx.com/current/en/server/configure/database-management/sql-db-management/sql-db-advanced-connection-strings.html,Connection StringsSQL DB Advanced Connection StringsFor Controller and Server UI persistence use advanced connection strings to connect to SQL DB ControllerRefer to Connection String Syntax for connection string syntax tips from Microsoft SQL Server Cluster and Custom PortsIf your Microsoft SQL Server,2.1691778,YES,YES,YES
,,,,2,MongoDB Advanced Connection Strings,https://help.alteryx.com/current/en/server/configure/database-management/mongodb-management/mongodb-advanced-connection-strings.html,For Controller and Server UI persistence you can use advanced connection strings to connect to MongoDB,1.6316986,NO,NO,NO
,,,,3,MySQL Connections,https://help.alteryx.com/dataprep/en/platform/connections/connection-types/mysql-connections.html,For more information on MySQL see https www mysql com TipYou can create connections to databases of this type that are managed by your enterprise or are hosted in cloud infrastructure The required configuration is the same The cloud-based version is labeled on Cloud SQL,1.6263773,NO,NO,NO
,,,,4,Settings,https://help.alteryx.com/current/en/connect/administer-connect/administration-console/settings.html,Work through the settings screens to configure Connect System InfoDisplays Alteryx Connect version information directory locations license status and other information Password SettingsAdmin PasswordSet a New Password for the superuser account 'admin' Type a password Type the password again to verify,1.6166106,NO,NO,NO
,,,,5,MySQL Connections,https://help.alteryx.com/aac/en/platform/connections/supported-connection-types/mysql-connections.html,The fix is to set the following in the Connect String Options useCursorFetch falseSSLHandshakeException No appropriate protocol protocol is disabled or cipher suites are inappropriate SSL ciphers need to be enabled,1.6156423,NO,NO,NO
,,,,6,Configure SQL Server,https://help.alteryx.com/current/en/server/configure/database-management/sql-db-management/configure-sql-server.html,For each of these settings add a distinct SQL connection string For more information on how to structure these connection strings go to the SQL DB Advanced Connection Strings help page ControllerTo migrate to MSSQL from MongoDB follow the instructions in the Mongo to SQL Migration Guide,1.6066753,NO,NO,NO
,,,,7,Microsoft SQL Server Connections,https://help.alteryx.com/dataprep/en/platform/connections/connection-types/mysql-connections/microsoft-sql-server-connections.html,view sql -server-ver15Connection URL https docs microsoft com en-us sql connect jdbc building-the- connection -url view sql -server-ver15Connection properties https docs microsoft com en-us sql connect jdbc setting -the- connection -properties,1.6060586,NO,NO,NO
,,,,8,Teradata Connections,https://help.alteryx.com/dataprep/en/platform/connections/connection-types/teradata-connections.html,By default this values is set to 1025 Connect String Options Optional You can specify additional options used to connect as a string value however you can access the tables through custom SQL Custom SQL is supported,1.6041014,NO,NO,NO
,,,,9,Selection of connection string based on environment,https://community.alteryx.com/t5/Alteryx-Designer-Desktop-Discussions/Selection-of-connection-string-based-on-environment/td-p/711597,I have a configuration table in 'employee' DB in MS SQL server I have below data in dbo config which is in MS SQL,1.6033572,NO,NO,NO
,,,,10,Trino Connections,https://help.alteryx.com/aac/en/platform/connections/early-preview-connection-types/trino-connections.html,date columns this connection type supports a set of literal functions on dates,1.5949913,NO,NO,NO
12,MongoDB SQL migration setup guide errors,Mongo to SQL Migration Guide,https://help.alteryx.com/current/en/server/configure/database-management/sql-db-management/mongo-to-sql-migration-guide.html,1,DCM Sync Error after migration from MongoDB to SQL Server Value cannot be null Parameter name value,https://knowledge.alteryx.com/index/s/article/DCM-Sync-Error-after-migration-from-MongoDB-to-SQL-Server,After migrating Alteryx Server from Mongo DB to SQL Server persistence the following error occurs when syncing DCM from Designer to Server Value cannot be null Parameter name value,2.032586,NO,NO,NO
,,,,2,Mongo to SQL Migration Guide,https://help.alteryx.com/current/en/server/configure/database-management/sql-db-management/mongo-to-sql-migration-guide.html,Migration GuideMongo to SQL Migration GuideThis guide contains instructions on how to migrate your database from Mongo to SQL PrerequisitesDownload the migration package from the Alteryx licensing portal,1.6417979,YES,YES,YES
,,,,3,Server SQL DB Customer FAQ,https://help.alteryx.com/current/en/server/configure/database-management/sql-db-management/server-sql-db-customer-faq.html,FAQTo check the full MongoDB to SQL Migration Instructions go to MongoDB to SQL Migration Guide,1.6357446,NO,NO,NO
,,,,4,Error MongoToSQL Migration Macro 829 Batch CountRecordsInAllTables Table or view not found,https://knowledge.alteryx.com/index/s/article/Error-MongoToSQL-Migration-Macro-829-Batch-CountRecordsInAllTables-Table-or-view-not-found,After connecting MongoDB to MSSQL_Migrator with Mongo and SQL the first run errors on migration indicating table note found Error MongoToSQL_Migration_Macro 829 Tool 26 Executing PreSQL DELETE FROM AlteryxGallery alteryx_server Configurations DELETE FROM AlteryxGallery EmailMessageNotificationPreferenceGroups Microsoft ODBC Driver 17 for SQL Server SQL Server Invalid object name,1.6335222,NO,NO,NO
,,,,5,Error SQLPrepare Simba SQLEngine 31740 Table or view not found AlteryxGallery AppIcons,https://knowledge.alteryx.com/index/s/article/Error-SQLPrepare-Simba-SQLEngine-31740-Table-or-view-not-found--AlteryxGallery-AppIcons,Error MongoToSQL_Migration_Macro 829 Batch_CountRecordsInAllTables 19 Record 1 Tool 11 Error SQLPrepare Simba SQLEngine 31740 Table or view not found AlteryxGallery AppIcons,1.6172125,NO,NO,NO
,,,,6,Migration error when creating migrating to SQL Server Invalid Database collation value Current Value 'SQL_Latin1_General_CP1_CI_AS' Expected Value 'LATIN1_GENERAL_100_CI_AS_SC_UTF8',https://knowledge.alteryx.com/index/s/article/Mongo-to-SQL-Migration-has-encountered-an-error-due-to-invalid-database-collation,Current Value 'SQL_Latin1_General_CP1_CI_AS' Expected Value 'LATIN1_GENERAL_100_CI_AS_SC_UTF8' Additionally when running AlteryxServerMigrator exe to migrate MongoDB SQL Server the following error is shown in command prompt Migration has encountered an error due to invalid Error in alteryx-migration csv located in Service log location ERROR 1 AlteryxServerMigrator mig,1.6025099,NO,NO,NO
,,,,7,Configure SQL Server,https://help.alteryx.com/current/en/server/configure/database-management/sql-db-management/configure-sql-server.html,Once the SQL setup is complete and any migration from MongoDB to SQL if applicable has been carried out these privileges can be reduced,1.5859438,NO,NO,NO
,,,,8,Re Alteryx Server Upgrade - Mongo DB failure and Gallery not accessible,https://community.alteryx.com/t5/Alteryx-Server-Discussions/Alteryx-Server-Upgrade-Mongo-DB-failure-and-Gallery-not/m-p/1391298#M17128,For anyone else we encountered the same error Our upgrade was not completing with the error described here https knowledge alteryx com index s article Could-not-finalize- mongodb -restore-the- mongodb -database-failed-to-start-with-exit-code-100 Could not finalize MongoDB restore Attempting to obtain lock 2025-05-14 11 24 30 871392 FATAL 1 AlteryxServerWebApiHost migrationLogger DoMigrateDatabase lock obtained performing,1.5763953,NO,NO,NO
,,,,9,Server Migrator failed with exit code 2993,https://knowledge.alteryx.com/index/s/article/Server-Migrator-failed-with-exit-code-2993,AlteryxService fails to startup after successful migration of MongoDB to MS SQL Service log error shown AlteryxService_LogStartupError There was an error starting the Alteryx Service Server Migrator failed with exit code 2993 See Migrator Logs for detailed error message to SQL Server Verify that the instance name is correct and that SQL Server is configured to a,1.5762488,NO,NO,NO
,,,,10,Could not finalize mongodb restore the mongodb database failed to start with exit code 100,https://community.alteryx.com/t5/Alteryx-Server-Discussions/Could-not-finalize-mongodb-restore-the-mongodb-database-failed/td-p/1258718,Hi I keep getting this error after upgrading from 2023 1 to 23 2 I have done 3 upgrade on 3 different servers and all gave me this error after the mongo migration But there is no issue the AlteryxService starts up successfully Is this a bug or why is this happening,1.5758433,NO,NO,NO
