query,expected_title,expected_url,google_result_title,google_result_url
How do I find a patient in the list?,Finding a patient using Smart Find,https://raintree.rightanswers.com/portal/app/portlets/results/viewsolution.jsp?solutionid=250804180242893&page=1&position=0&q=How%20do%20I%20find%20a%20patient%20in%20the%20list%3F,Attracting New Patients in Outpatient Therapy in 2024,https://www.raintreeinc.com/blog/attracting-new-patients-in-pt-ot-slp-aba/
,,,3 Tactics for Self-Service Patient Engagement,https://www.raintreeinc.com/blog/self-service-patient-engagement-tactics/
,,,5 Pro Tips to Increase Patient Referrals to Your PT Practice,https://www.raintreeinc.com/blog/how-to-increase-patient-referrals/
,,,5 Reasons for Practices to Share Patient Health Information,https://www.raintreeinc.com/blog/patient-health-information-exchange/
,,,How to Manage Patient Expectations: Why Reviews Matter,https://www.raintreeinc.com/blog/why-reviews-matter/
,,,Redefining Care: Telehealth and Patient Engagement,https://www.raintreeinc.com/blog/redefining-patient-engagement-telehealth/
,,,5 Steps to Easy RCM for Rehabilitation Therapy: Quick Guide,https://www.raintreeinc.com/blog/a-patient-provider-guide-to-easy-rcm/
,,,How to Automate Your Clinical Workflow: 8 Improvements ...,https://www.raintreeinc.com/blog/automate-your-clinical-workflow-front-desk-back-office/
,,,How to Improve Patient Payments in 2024: Ledger Strategies,https://www.raintreeinc.com/blog/new-ledger-strategies/
,,,Generational Trends in Patient Engagement,https://www.raintreeinc.com/blog/generational-trends-in-patient-engagement/
How do I transfer activities to charges?,Initial Evaluation: Documenting time and service-based activities in a note,https://raintree.rightanswers.com/portal/app/portlets/results/viewsolution.jsp?solutionid=250715125742303&page=-1&position=0,How to Improve Patient Payments in 2024: Ledger Strategies,https://www.raintreeinc.com/blog/new-ledger-strategies/
,,,Raintree | Physical Therapy EMR for Fast-Growing Practices,https://www.raintreeinc.com/
,,,,
,,,,
,,,,
,,,,
,,,,
,,,,
,,,,
,,,,
How do I transfer to charges?,Initial Evaluation: Documenting time and service-based activities in a note,https://raintree.rightanswers.com/portal/app/portlets/results/viewsolution.jsp?solutionid=250715125742303&page=-1&position=0,How to Improve Patient Payments in 2024: Ledger Strategies,https://www.raintreeinc.com/blog/new-ledger-strategies/
,,,,
,,,,
,,,,
,,,,
,,,,
,,,,
,,,,
,,,,
,,,,
How do I transfer charges?,Posting a transfer,https://raintree.rightanswers.com/portal/app/portlets/results/viewsolution.jsp?solutionid=250317143954540,How to Improve Patient Payments in 2024: Ledger Strategies,https://www.raintreeinc.com/blog/new-ledger-strategies/
,,,,
,,,,
,,,,
,,,,
,,,,
,,,,
,,,,
,,,,
,,,,
How do I register a new patient?,Intake a patient and schedule the first visit,https://raintree.rightanswers.com/portal/app/portlets/results/viewsolution.jsp?solutionid=250627145655180&page=1&position=0&q=Intake%20a%20patient%20and%20schedule%20the%20first%20visit,Webinars | Register Now | Hosted by Raintree Systems,https://www.raintreeinc.com/webinar/
,,,Connect with Raintree Systems | Events and Conferences,https://www.raintreeinc.com/events/
,,,Physical Therapy CPT Codes and Billing Modifiers,https://www.raintreeinc.com/blog/codes-and-billing-modifiers-for-pt-ot-slp/
,,,MIPS Reporting in 2024: Resource Center for Rehab ...,https://www.raintreeinc.com/mips-reporting-in-2024-resource-center-for-rehab-therapists/
,,,"Raintree Systems
https://www.raintreeinc.com › blog › raintree_news › th...",https://www.raintreeinc.com/blog/raintree_news/therapycon-25/
,,,,
,,,,
,,,,
,,,,
,,,,
intake a patient,Converting a New Lead to a Patient,https://raintree.rightanswers.com/portal/app/portlets/results/viewsolution.jsp?solutionid=250502164528817&page=1&position=2&q=intake%20a%20patient,How To Optimize Digital Patient Intake and Scheduling,https://www.raintreeinc.com/blog/how-to-optimize-digital-patient-intake/
,,,3 Creative Patient Engagement Strategies for Rehab Therapy,https://www.raintreeinc.com/blog/creative-patient-engagement-strategies/
,,,Raintree Touchpoints™ | Patient Intake and Self Check-In,https://www.raintreeinc.com/touchpoints/
,,,Patient Follow-Up for Ongoing Treatment: 5 Important Tips,https://www.raintreeinc.com/blog/5-tips-for-patient-follow-up/
,,,Redefining Care: Telehealth and Patient Engagement,https://www.raintreeinc.com/blog/redefining-patient-engagement-telehealth/
,,,5 Reasons for Practices to Share Patient Health Information,https://www.raintreeinc.com/blog/patient-health-information-exchange/
,,,"Patient Engagement Tools to Use for PT, OT, and SLP in ...",https://www.raintreeinc.com/blog/patient-engagement-tools-for-pt-ot-slp/
,,,Attracting New Patients in Outpatient Therapy in 2024,https://www.raintreeinc.com/blog/attracting-new-patients-in-pt-ot-slp-aba/
,,,How to Automate Your Clinical Workflow: 8 Improvements ...,https://www.raintreeinc.com/blog/automate-your-clinical-workflow-front-desk-back-office/
,,,From PM to PRM: Shifting to Patient Relationship Management,https://www.raintreeinc.com/blog/patient-relationship-management-prm/
intake a patient,Converting a New Lead to a Patient,https://raintree.rightanswers.com/portal/app/portlets/results/viewsolution.jsp?solutionid=250502164528817&page=1&position=2&q=intake%20a%20patient,How To Optimize Digital Patient Intake and Scheduling,https://www.raintreeinc.com/blog/how-to-optimize-digital-patient-intake/
,,,3 Creative Patient Engagement Strategies for Rehab Therapy,https://www.raintreeinc.com/blog/creative-patient-engagement-strategies/
,,,Raintree Touchpoints™ | Patient Intake and Self Check-In,https://www.raintreeinc.com/touchpoints/
,,,Patient Follow-Up for Ongoing Treatment: 5 Important Tips,https://www.raintreeinc.com/blog/5-tips-for-patient-follow-up/
,,,Redefining Care: Telehealth and Patient Engagement,https://www.raintreeinc.com/blog/redefining-patient-engagement-telehealth/
,,,5 Reasons for Practices to Share Patient Health Information,https://www.raintreeinc.com/blog/patient-health-information-exchange/
,,,"Patient Engagement Tools to Use for PT, OT, and SLP in ...",https://www.raintreeinc.com/blog/patient-engagement-tools-for-pt-ot-slp/
,,,Attracting New Patients in Outpatient Therapy in 2024,https://www.raintreeinc.com/blog/attracting-new-patients-in-pt-ot-slp-aba/
,,,How to Automate Your Clinical Workflow: 8 Improvements ...,https://www.raintreeinc.com/blog/automate-your-clinical-workflow-front-desk-back-office/
,,,From PM to PRM: Shifting to Patient Relationship Management,https://www.raintreeinc.com/blog/patient-relationship-management-prm/
add a new patient,Intake a patient and schedule the first visit,https://raintree.rightanswers.com/portal/app/portlets/results/viewsolution.jsp?solutionid=250627145655180&page=1&position=0&q=Intake%20a%20patient%20and%20schedule%20the%20first%20visit,5 Pro Tips to Increase Patient Referrals to Your PT Practice,https://www.raintreeinc.com/blog/how-to-increase-patient-referrals/
,,,New 2026 RTM Codes: How PT Practices Win ...,https://www.raintreeinc.com/blog/2026-rtm-codes/
,,,3 Creative Patient Engagement Strategies for Rehab Therapy,https://www.raintreeinc.com/blog/creative-patient-engagement-strategies/
,,,8 Marketing Strategies for Direct Access Physical Therapy,https://www.raintreeinc.com/blog/direct-access-physical-therapy-marketing/
,,,The Most Complete Patient Portal for Therapy and Rehab,https://www.raintreeinc.com/patient-portal/
,,,Marketing Geek's Dream: Creating Physical Therapy Super ...,https://www.raintreeinc.com/blog/a-marketing-geeks-dream-the-making-of-a-physical-therapy-super-fan/
,,,Physical Therapy CPT Codes and Billing Modifiers,https://www.raintreeinc.com/blog/codes-and-billing-modifiers-for-pt-ot-slp/
,,,Expand Your Therapy Practice: Key Considerations for ...,https://www.raintreeinc.com/blog/podcast/key-considerations-for-leaders/
,,,When to Adopt New Technology in Physical Therapy (or Not!),https://www.raintreeinc.com/blog/adopt-new-technology-in-physical-therapy/
,,,Email Marketing Strategy for PT and Rehab Therapy: 4 Tips,https://www.raintreeinc.com/blog/email-marketing-strategy-for-pt-ot-slp/
How do I add a new patient?,Intake a patient and schedule the first visit,https://raintree.rightanswers.com/portal/app/portlets/results/viewsolution.jsp?solutionid=250627145655180&page=1&position=0&q=Intake%20a%20patient%20and%20schedule%20the%20first%20visit,8 Marketing Strategies for Direct Access Physical Therapy,https://www.raintreeinc.com/blog/direct-access-physical-therapy-marketing/
,,,The Most Complete Patient Portal for Therapy and Rehab,https://www.raintreeinc.com/patient-portal/
,,,Marketing Geek's Dream: Creating Physical Therapy Super ...,https://www.raintreeinc.com/blog/a-marketing-geeks-dream-the-making-of-a-physical-therapy-super-fan/
,,,Expand Your Therapy Practice: Key Considerations for ...,https://www.raintreeinc.com/blog/podcast/key-considerations-for-leaders/
,,,4 Steps to a Better Provider Credentialing Process,https://www.raintreeinc.com/blog/better-provider-credentialing-process/
,,,Email Marketing Strategy for PT and Rehab Therapy: 4 Tips,https://www.raintreeinc.com/blog/email-marketing-strategy-for-pt-ot-slp/
,,,Understanding the Medicare 8-Minute Rule: 2024 Billing ...,https://www.raintreeinc.com/blog/8-minute-rule-billing-guide/
,,,The Left-Right Brain Combination is the Secret to Great ...,https://www.raintreeinc.com/blog/podcast-the-science-soul-of-pt-why-the-left-right-brain-combination-is-the-secret-to-great-leadership/
,,,Operational Excellence Can Boost the Value of Your Practice,https://www.raintreeinc.com/blog/increase-the-value-of-your-practice-oe/
,,,Physical Therapy CPT Codes and Billing Modifiers,https://www.raintreeinc.com/blog/codes-and-billing-modifiers-for-pt-ot-slp/
What does the green flag mean in the scheduler?,Scheduler icons: Visual cues for patient appointments,https://raintree.rightanswers.com/portal/app/portlets/results/viewsolution.jsp?solutionid=250702095452537&page=2&position=5&q=,,
,,,,
,,,,
,,,,
,,,,
,,,,
,,,,
,,,,
,,,,
,,,,
How can I tell if the patient paid their copay?,Scheduler icons: Visual cues for patient appointments,https://raintree.rightanswers.com/portal/app/portlets/results/viewsolution.jsp?solutionid=250702095452537&page=2&position=5&q=,Collecting Patient Payments: 7 Effective Tips and Tools,https://www.raintreeinc.com/blog/collecting-patient-payments-tips/
,,,How to Improve Patient Payments in 2024: Ledger Strategies,https://www.raintreeinc.com/blog/new-ledger-strategies/
,,,Introducing Raintree Payments,https://www.raintreeinc.com/blog/raintree_news/raintree-introduces-new-service-to-simplify-billing-and-payment-experience-for-therapy-amp-rehab-practices/
,,,Physical Therapy Billing Examples: Securing Reimbursement,https://www.raintreeinc.com/blog/physical-therapy-billing-examples/
,,,Medicare Reimbursement Cuts: 3 Tips from an RCM Expert,https://www.raintreeinc.com/blog/survive-medicare-reimbursement-cuts/
,,,Why Simply Talk When You Can Connect? The Benefits ...,https://www.raintreeinc.com/wp-content/uploads/2023/10/Raintree-Connect.pdf
,,,Therapy Matters: Transitioning to Running Your Own Practice,https://www.raintreeinc.com/blog/podcast/transitioning-to-running-your-own-practice/
,,,Most Useful Speech Therapy CPT Codes: SLP Billing Guide,https://www.raintreeinc.com/blog/slp-billing-speech-therapy-cpt-codes/
,,,Podcast – PT Leadership Against the Current,https://www.raintreeinc.com/blog/podcast-pt-leadership-against-the-current-ai-access-and-the-fight-for-a-better-pt-model/
,,,,
How can I tell if a patient has confirmed their appointment?,Scheduler icons: Visual cues for patient appointments,https://raintree.rightanswers.com/portal/app/portlets/results/viewsolution.jsp?solutionid=250702095452537&page=2&position=5&q=,How to Use eReferral and Lead Tracking Technology,https://www.raintreeinc.com/blog/ereferral-and-lead-tracking-technology/
,,,5 Ways to Measure Clinical Success,https://www.raintreeinc.com/blog/how-to-measure-clinical-success/
,,,5 Pro Tips to Increase Patient Referrals to Your PT Practice,https://www.raintreeinc.com/blog/how-to-increase-patient-referrals/
,,,Modern Patient Engagement: Telehealth is Here to Stay,https://www.raintreeinc.com/blog/telehealth-is-here-to-stay/
,,,Raintree's 2022 User Conference Showcases New Features,https://www.raintreeinc.com/blog/raintrees-2022-user-conference/
,,,The Urgent Case for Interoperability in Rehab Therapy,https://www.raintreeinc.com/blog/interoperability-in-rehab-therapy/
,,,Cost-Saving Tools for Patient Engagement in Rehab Therapy,https://www.raintreeinc.com/blog/cost-saving-tools-for-patient-engagement/
,,,Raintree | Physical Therapy EMR for Fast-Growing Practices,https://www.raintreeinc.com/
,,,"HIPAA Text Messaging, and Your Practice: 5 Compliance ...",https://www.raintreeinc.com/blog/hipaa-text-messaging-tips-best-practices/
,,,3 Physical Therapy Social Media Management Strategies ...,https://www.raintreeinc.com/blog/physical-therapy-social-media-management-strategies-patient-engagement/
Can I schedule patients for more than one patient at a time?,Patient Checkout Process,https://raintree.rightanswers.com/portal/app/portlets/results/viewsolution.jsp?solutionid=250702105649710&page=1&position=9&q=,Attracting New Patients in Outpatient Therapy in 2024,https://www.raintreeinc.com/blog/attracting-new-patients-in-pt-ot-slp-aba/
,,,How to Use eReferral and Lead Tracking Technology,https://www.raintreeinc.com/blog/ereferral-and-lead-tracking-technology/
,,,3 Creative Patient Engagement Strategies for Rehab Therapy,https://www.raintreeinc.com/blog/creative-patient-engagement-strategies/
,,,7 Digital EMR Tools That Change the Game in Rehabilitation,https://www.raintreeinc.com/blog/digital-emr-tools-rehabilitation/
,,,"Patient Engagement Tools to Use for PT, OT, and SLP in ...",https://www.raintreeinc.com/blog/patient-engagement-tools-for-pt-ot-slp/
,,,Raintree Touchpoints™ | Patient Intake and Self Check-In,https://www.raintreeinc.com/touchpoints/
,,,Patient Engagement in the Digital Age: Top Pros and Cons,https://www.raintreeinc.com/blog/patient-engagement-in-the-digital-age/
,,,Get To Know An All-in-One Telehealth Solution,https://www.raintreeinc.com/telehealth/
,,,How to Automate Your Clinical Workflow: 8 Improvements ...,https://www.raintreeinc.com/blog/automate-your-clinical-workflow-front-desk-back-office/
,,,5 Pro Tips to Increase Patient Referrals to Your PT Practice,https://www.raintreeinc.com/blog/how-to-increase-patient-referrals/
Can I schedule the patients whole plan of care at one time?,Patient Checkout Process,https://raintree.rightanswers.com/portal/app/portlets/results/viewsolution.jsp?solutionid=250702105649710&page=1&position=9&q=,3 Ways to Improve Patient Satisfaction (Using Your Data!),https://www.raintreeinc.com/blog/how-to-improve-patient-satisfaction-tips/
,,,Therapy Matters: Using Data to Improve Patient Satisfaction,https://www.raintreeinc.com/blog/podcast/using-data-to-improve-patient-satisfaction/
,,,Proactive Patient Care: 4 Essentials for Evolving ...,https://www.raintreeinc.com/blog/proactive-patient-care-essentials/
,,,Shifting Your Therapy Model to Better Provide for Patients,https://www.raintreeinc.com/blog/podcast/shifting-your-therapy-model/
,,,3 Creative Patient Engagement Strategies for Rehab Therapy,https://www.raintreeinc.com/blog/creative-patient-engagement-strategies/
,,,How to Automate Your Clinical Workflow: 8 Improvements ...,https://www.raintreeinc.com/blog/automate-your-clinical-workflow-front-desk-back-office/
,,,3 Cost-Saving Benefits of Remote Therapeutic Monitoring,https://www.raintreeinc.com/blog/benefits-of-remote-therapeutic-monitoring/
,,,Driving Results: 3 Keys to a More Efficient PT Practice,https://www.raintreeinc.com/blog/tips-for-a-more-efficient-pt-practice/
,,,Attracting New Patients in Outpatient Therapy in 2024,https://www.raintreeinc.com/blog/attracting-new-patients-in-pt-ot-slp-aba/
,,,Raintree Pathways™ | Referral Management for Rehab ...,https://www.raintreeinc.com/pathways/
Can I give the patient a list of their appointments?,Patient Checkout Process,https://raintree.rightanswers.com/portal/app/portlets/results/viewsolution.jsp?solutionid=250702105649710&page=1&position=9&q=,The Most Complete Patient Portal for Therapy and Rehab,https://www.raintreeinc.com/patient-portal/
,,,How to Automate Your Clinical Workflow: 8 Improvements ...,https://www.raintreeinc.com/blog/automate-your-clinical-workflow-front-desk-back-office/
,,,Redefining Care: Telehealth and Patient Engagement,https://www.raintreeinc.com/blog/redefining-patient-engagement-telehealth/
,,,Attracting New Patients in Outpatient Therapy in 2024,https://www.raintreeinc.com/blog/attracting-new-patients-in-pt-ot-slp-aba/
,,,How to Manage Patient Expectations: Why Reviews Matter,https://www.raintreeinc.com/blog/why-reviews-matter/
,,,4 Big Benefits of Patient Portals for PT and Rehab Practices,https://www.raintreeinc.com/blog/benefits-of-patient-portals-for-pt-rehab/
,,,5 Pro Tips to Increase Patient Referrals to Your PT Practice,https://www.raintreeinc.com/blog/how-to-increase-patient-referrals/
,,,6 Most Popular Patient Payment Options in 2024,https://www.raintreeinc.com/blog/most-popular-patient-payment-options/
,,,Modern Healthcare Engagement with SMS: Texting Tactics,https://www.raintreeinc.com/blog/modern-healthcare-engagement-with-sms/
,,,Do Private Therapy Practices Need an EMR or EHR?,https://www.raintreeinc.com/blog/emr-or-ehr-software-for-outpatient-rehab/
Can I put a picture of the patient into the scheduler?,Patient Checkout Process,https://raintree.rightanswers.com/portal/app/portlets/results/viewsolution.jsp?solutionid=250702105649710&page=1&position=9&q=,The Most Complete Patient Portal for Therapy and Rehab,https://www.raintreeinc.com/patient-portal/
,,,5 Steps to Easy RCM for Rehabilitation Therapy: Quick Guide,https://www.raintreeinc.com/blog/a-patient-provider-guide-to-easy-rcm/
,,,Connect™: Patient Communications Platform for Rehab ...,https://www.raintreeinc.com/connect/
,,,Raintree | Physical Therapy EMR for Fast-Growing Practices,https://www.raintreeinc.com/
,,,Multi-Specialty Practice Applied Behavior Analysis Software,https://www.raintreeinc.com/applied-behavioral-analysis/
,,,,
,,,,
,,,,
,,,,
,,,,
Can I copy an appointment and add it over and over again?,Patient Checkout Process,https://raintree.rightanswers.com/portal/app/portlets/results/viewsolution.jsp?solutionid=250702105649710&page=1&position=9&q=,Therapy Matters: Turning Your Patients into Super-fans,https://www.raintreeinc.com/blog/podcast/turning-your-patients-into-super-fans/
,,,Raintree's 2022 User Conference Showcases New Features,https://www.raintreeinc.com/blog/raintrees-2022-user-conference/
,,,,
,,,,
,,,,
,,,,
,,,,
,,,,
,,,,
,,,,
Why do I see a bunch of percentages when I first open the scheduler?,Scheduler screen overview and navigation,https://raintree.rightanswers.com/portal/app/portlets/results/viewsolution.jsp?solutionid=250711150907890&page=1&position=0&q=Patient%20Scheduler%20Overview,,
,,,,
,,,,
,,,,
,,,,
,,,,
,,,,
,,,,
,,,,
,,,,
Are my users limited to one location in the scheduler?,Scheduler screen overview and navigation,https://raintree.rightanswers.com/portal/app/portlets/results/viewsolution.jsp?solutionid=250711150907890&page=1&position=0&q=Patient%20Scheduler%20Overview,Raintree | Physical Therapy EMR for Fast-Growing Practices,https://www.raintreeinc.com/
,,,,
,,,,
,,,,
,,,,
,,,,
,,,,
,,,,
,,,,
,,,,
What does the magnifying glass do in the scheduler?,Scheduler screen overview and navigation,https://raintree.rightanswers.com/portal/app/portlets/results/viewsolution.jsp?solutionid=250711150907890&page=1&position=0&q=Patient%20Scheduler%20Overview,,
,,,,
,,,,
,,,,
,,,,
,,,,
,,,,
,,,,
,,,,
,,,,
Can I see a patients parent information from the appointment?,Scheduler screen overview and navigation,https://raintree.rightanswers.com/portal/app/portlets/results/viewsolution.jsp?solutionid=250711150907890&page=1&position=0&q=Patient%20Scheduler%20Overview,The Most Complete Patient Portal for Therapy and Rehab,https://www.raintreeinc.com/patient-portal/
,,,4 Types of Pediatric Therapy Software for a Modern Practice,https://www.raintreeinc.com/blog/essential-pediatric-therapy-software/
,,,3 Benefits of Digital Workflows in Rehabilitation Therapy,https://www.raintreeinc.com/blog/digital-workflows-in-rehabilitation-therapy/
,,,Software for Pediatric Therapy and ABA Practices: 3 Tools,https://www.raintreeinc.com/blog/software-for-pediatric-therapy-and-aba/
,,,Telehealth Software for Pediatric Therapy: Benefits and Tips,https://www.raintreeinc.com/blog/telehealth-software-for-pediatric-therapy/
,,,3 Steps to a Great PT Patient Experience: Owner Perspective,https://www.raintreeinc.com/blog/pt-patient-experience-journey-tips/
,,,Do Private Therapy Practices Need an EMR or EHR?,https://www.raintreeinc.com/blog/emr-or-ehr-software-for-outpatient-rehab/
,,,Raintree | Physical Therapy EMR for Fast-Growing Practices,https://www.raintreeinc.com/
,,,Attracting New Patients in Outpatient Therapy in 2024,https://www.raintreeinc.com/blog/attracting-new-patients-in-pt-ot-slp-aba/
,,,How Barrett Family Wellness Center Grew with Raintree,https://www.raintreeinc.com/blog/how-raintrees-platform-helped-barrett-family-wellness-center-grow/
What does the color mean at the end of an appointment?,Scheduler screen overview and navigation,https://raintree.rightanswers.com/portal/app/portlets/results/viewsolution.jsp?solutionid=250711150907890&page=1&position=0&q=Patient%20Scheduler%20Overview,Conducting a Security Risk Assessment (SRA) in 6 Clear ...,https://www.raintreeinc.com/blog/security-risk-assessment-steps/
,,,Raintree Systems Careers: Join a World-Class Team,https://www.raintreeinc.com/careers/
,,,Read Our Terms and Conditions,https://www.raintreeinc.com/termsandconditions/
,,,Running a Successful Therapy Practice in Rural America,https://www.raintreeinc.com/blog/podcast/tips-and-tricks-to-running-a-successful-therapy-practice-in-rural-america/
,,,,
,,,,
,,,,
,,,,
,,,,
,,,,
What does the color mean at the start of an appointment?,Scheduler screen overview and navigation,https://raintree.rightanswers.com/portal/app/portlets/results/viewsolution.jsp?solutionid=250711150907890&page=1&position=0&q=Patient%20Scheduler%20Overview,Raintree | Physical Therapy EMR for Fast-Growing Practices,https://www.raintreeinc.com/
,,,12 Trends and Emerging Technologies in Rehab Therapy,https://www.raintreeinc.com/blog/emerging-technologies-in-rehab-therapy/
,,,Best AI for Rehab and Physical Therapy | Raintree EMR,https://www.raintreeinc.com/ai/
,,,3 Front Desk Cost Reduction Strategies for Rehab Therapy,https://www.raintreeinc.com/blog/front-desk-cost-reduction-strategies/
,,,,
,,,,
,,,,
,,,,
,,,,
,,,,
Can I remove the cancelled appointments from the scheduler view so I can book that time again?,Scheduler screen overview and navigation,https://raintree.rightanswers.com/portal/app/portlets/results/viewsolution.jsp?solutionid=250711150907890&page=1&position=0&q=Patient%20Scheduler%20Overview,,
,,,,
,,,,
,,,,
,,,,
,,,,
,,,,
,,,,
,,,,
,,,,
How do I use the abbreviations?,Optimizing your assessment documentation in Raintree,https://raintree.rightanswers.com/portal/app/portlets/results/viewsolution.jsp?solutionid=250718165006370&page=1&position=0&q=How%20do%20I%20use%20the%20abbreviations%3F,2 Underused Tools for Streamlining Clinical Documentation,https://www.raintreeinc.com/blog/streamline-your-therapy-documentation-process-with-clinical-documentation-tools/
,,,3 Ways to Save Time During Clinical Documentation,https://www.raintreeinc.com/blog/save-time-during-clinical-documentation/
,,,,
,,,,
,,,,
,,,,
,,,,
,,,,
,,,,
,,,,
Why is my subjective data already there on a daily note?,Documenting a Daily Therapy Visit,https://raintree.rightanswers.com/portal/app/portlets/results/viewsolution.jsp?solutionid=250722125615037&page=1&position=1&q=Why%20is%20my%20subjective%20data%20already%20there%20on%20a%20daily%20note%3F,,
,,,,
,,,,
,,,,
,,,,
,,,,
,,,,
,,,,
,,,,
,,,,
Why is my subjective data already there on a daily note?,Documenting a Daily Therapy Visit,https://raintree.rightanswers.com/portal/app/portlets/results/viewsolution.jsp?solutionid=250722125615037&page=1&position=1&q=Why%20is%20my%20subjective%20data%20already%20there%20on%20a%20daily%20note%3F,,
,,,,
,,,,
,,,,
,,,,
,,,,
,,,,
,,,,
,,,,
,,,,
Do I have to cancel future appointments when a patient is discharged?,Review a patient's chart after discharge,https://raintree.rightanswers.com/portal/app/portlets/results/viewsolution.jsp?solutionid=250714143036723&page=1&position=0&q=Do%20I%20have%20to%20cancel%20future%20appointments%20when%20a%20patient%20is%20discharged%3F,8 Marketing Strategies for Direct Access Physical Therapy,https://www.raintreeinc.com/blog/direct-access-physical-therapy-marketing/
,,,,
,,,,
,,,,
,,,,
,,,,
,,,,
,,,,
,,,,
,,,,
How can I see all of my patients in one list?,Managing patient tasks and caseloads,https://raintree.rightanswers.com/portal/app/portlets/results/viewsolution.jsp?solutionid=250722135001697&page=1&position=3&q=How%20can%20I%20see%20all%20of%20my%20patients%20in%20one%20list%3F,The Most Complete Patient Portal for Therapy and Rehab,https://www.raintreeinc.com/patient-portal/
,,,5 Reasons for Practices to Share Patient Health Information,https://www.raintreeinc.com/blog/patient-health-information-exchange/
,,,EMR vs EHR: What's the Difference? [20 FAQs + Infographic],https://www.raintreeinc.com/blog/emr-vs-ehr-faq-infographic/
,,,Healthcare Data and AI in 2024: Cybersecurity Expert Advice,https://www.raintreeinc.com/blog/healthcare-data-and-ai-cybersecurity/
,,,Generational Trends in Patient Engagement,https://www.raintreeinc.com/blog/generational-trends-in-patient-engagement/
,,,Raintree | Physical Therapy EMR for Fast-Growing Practices,https://www.raintreeinc.com/
,,,6 Most Popular Patient Payment Options in 2024,https://www.raintreeinc.com/blog/most-popular-patient-payment-options/
,,,5 Pro Tips to Increase Patient Referrals to Your PT Practice,https://www.raintreeinc.com/blog/how-to-increase-patient-referrals/
,,,The Left-Right Brain Combination is the Secret to Great ...,https://www.raintreeinc.com/blog/podcast-the-science-soul-of-pt-why-the-left-right-brain-combination-is-the-secret-to-great-leadership/
,,,2024 Real World Test Plan | Results Phase,https://www.raintreeinc.com/wp-content/uploads/2025/02/2024-Real-World-Testing-Results-Phase.pdf
What does the lower case a mean in the ledger?,Patient ledger overview and transaction tracking,https://raintree.rightanswers.com/portal/app/portlets/results/viewsolution.jsp?solutionid=250724091432437&page=-1&position=0,,
,,,,
,,,,
,,,,
,,,,
,,,,
,,,,
,,,,
,,,,
,,,,
Why is my bill bar red?,Understanding the Daily Ledger and Claim Statuses,https://raintree.rightanswers.com/portal/app/portlets/results/viewsolution.jsp?solutionid=250724141656983&page=-1&position=0,Medicare Payments and Physical Therapy: Top Tips in 2024,https://www.raintreeinc.com/blog/medicare-payments-and-physical-therapy/
,,,,
,,,,
,,,,
,,,,
,,,,
,,,,
,,,,
,,,,
,,,,
How do I know a claim made it to the clearinghouse?,Resolve claim exceptions in the follow-up dashboard,https://raintree.rightanswers.com/portal/app/portlets/results/viewsolution.jsp?solutionid=250730074708860&page=-1&position=0,5 Steps to Easy RCM for Rehabilitation Therapy: Quick Guide,https://www.raintreeinc.com/blog/a-patient-provider-guide-to-easy-rcm/
,,,Billing Bad: How Claim Scrubbing Prevents 7 Costly Mistakes,https://www.raintreeinc.com/blog/claim-scrubbing-prevents-billing-mistakes/
,,,Availity LP,https://www.raintreeinc.com/availity-lp/
,,,How to Choose Billing Software for Physical Therapy,https://www.raintreeinc.com/blog/how-to-choose-billing-software-for-pt/
,,,Why Your Practice Needs Automated Remittance Processing,https://www.raintreeinc.com/blog/your-practice-needs-automated-remittance/
,,,Provider and Credentialing Enrollment Best Practices,https://www.raintreeinc.com/blog/podcast/provider-credentialing-enrollment/
,,,RCM and Billing Software for Physical Therapy and Rehab,https://www.raintreeinc.com/rcm-and-billing/
,,,Raintree Systems Announces New Strategic Partner: Availity,https://www.raintreeinc.com/blog/raintree_news/raintree-adds-availity-as-claims-and-payment-processing-strategic-partner/
,,,,
,,,,
